id;type;name;status;created_date;created_by;last_modified_date;last_modified_by
4473c9af-cbe0-48cd-88f7-6d34332b9deb;plum bandwid;parse;zero Profit-;2023-04-18T07:16:05;1080p neural Incredible;2023-04-17T11:32:32;Ouguiya Tuna Berkshire
3623db31-11d8-4b22-8c4a-1c6469a16551;array;Frozen Lodge Account;Sleek;2023-04-18T07:36:29;invoice Garden;2023-04-18T05:43:52;synthesizing cultivate connect
7b7bd37d-ecf4-4b2c-8874-db719af77389;mission-crit;program Chief Beauty;compressing;2023-04-17T12:58:28;Refined implement invoice;2023-04-17T09:35:08;Profit-focused Internal green
676287b3-fb1c-4c53-a650-6ef25ebe0abc;Ruble;transmit Brand California;West program;2023-04-17T17:25:00;Officer Toys red;2023-04-17T11:03:47;payment user-facing users
3f94f47a-7b83-43cb-8105-1a3cf556e4b0;Auto;Republic Corner neural;Auto orange ;2023-04-17T19:31:57;Arkansas online Architect;2023-04-17T19:33:03;Computer Garden generate
411bcc5b-240d-4f22-b62b-c7d3e354cd5d;Generic Web ;Fish Place;concept Game;2023-04-17T12:11:01;Mauritius back;2023-04-17T20:22:19;Emirates Jewelery
ede23115-5481-49d5-95c8-b299a597e3f7;Orchestrator;strategic;Facilitator;2023-04-17T21:03:10;pink Applications Shoals;2023-04-18T02:39:15;Awesome Branding
68326317-16d6-4db1-9086-4311d5dba32f;Hat UAE;SDD application;Panama;2023-04-17T16:40:14;Hryvnia calculating;2023-04-17T12:19:29;up Rubber enterprise
8c7cfccb-00f2-43ba-8aa1-9f19f2b52bde;Dollar;Coordinator Account Shirt;Open-source ;2023-04-17T18:48:17;sky Steel withdrawal;2023-04-18T06:31:17;Idaho Outdoors Checking
2426ce27-ac13-4a29-9a5a-ca3a61ea17f1;Granite Cent;revolutionary Metrics integrated;Steel;2023-04-17T20:32:49;Markets;2023-04-17T21:08:18;copy engineer Chicken
