id;type;name;status;content_id;created_date;created_by;last_modified_date;last_modified_by
a374d29f-63e8-4de0-9ad4-14229748eed0;Cambridgeshi;Fantastic;quantify Com;Human;2023-04-17T11:01:41;Franc Program hard;2023-04-17T10:55:42;Metal
c9ce840e-a82e-4bce-9116-227c7e9a0944;Vanuatu;bypassing;withdrawal C;Neck Incredible partnerships;2023-04-18T00:49:28;enable;2023-04-17T09:35:12;Money
d19a24ea-b84d-43cf-a206-965057a8b3c1;copy wireles;zero Programmable;Virginia mat;teal Causeway;2023-04-18T01:23:45;Progressive;2023-04-18T01:23:34;lavender
4ea62def-76a4-4478-9e1a-7c07fe42fa4a;transmitter ;Shilling index;sky Data;Horizontal Persistent;2023-04-18T05:24:10;online framework software;2023-04-17T08:32:12;embrace Dynamic
81dd0bcb-1d50-4b5c-9729-e0f27acc04c9;card Cambrid;grey Garden innovative;pixel;24/7 Account Montana;2023-04-18T01:46:20;program index Bike;2023-04-18T08:15:24;Directives Plastic quantify
337dc8cd-77b5-4917-8567-8c70a3555af9;Texas Person;copying;Metal Senior;whiteboard;2023-04-17T14:48:30;Chair e-business;2023-04-17T17:52:46;moderator optical
25985613-40d9-44af-b493-76a00b498e11;Iowa Cotton;recontextualize monitor;invoice GB;Ferry salmon Books;2023-04-17T09:51:31;Small;2023-04-17T14:21:47;Cameroon standardization digital
817756f4-8edc-4511-a73c-dc45fb19d2d8;Internationa;moderator;Forward;Investor;2023-04-17T12:18:20;Place;2023-04-17T12:41:01;Cuban Cambodia
faa33acf-aa2b-42e4-89a9-602949103057;Run calculat;collaborative;China paymen;firmware Re-engineered Islands;2023-04-18T06:09:53;Chicken;2023-04-17T10:38:10;programming invoice red
8e833ba5-508c-46f6-a80d-83797fbef3a1;Account arch;multi-byte;Account invo;Facilitator;2023-04-17T18:32:26;bus Switchable;2023-04-17T19:24:58;magnetic distributed
